{
  "1": "开端(法谛海)",
  "2": "黄牛(巴格勒)",
  "3": "仪姆兰的家属(阿黎仪姆兰)",
  "4": "妇女(尼萨仪)",
  "5": "筵席(马以代)",
  "6": "牲畜(艾奈阿姆)",
  "7": "高处(艾耳拉弗)",
  "8": "战利品(安法勒)",
  "9": "忏悔(讨白)",
  "10": "优努斯",
  "11": "呼德",
  "12": "优素福",
  "13": "雷霆(赖尔得)",
  "14": "易卜拉欣",
  "15": "石谷(希只尔)",
  "16": "蜜蜂(奈哈勒)",
  "17": "夜行(伊斯拉)",
  "18": "山洞(凯海府)",
  "19": "麦尔彦",
  "20": "塔哈",
  "21": "众先知(安比雅)",
  "22": "朝觐(哈只)",
  "23": "信士(慕米农)",
  "24": "光明(努尔)",
  "25": "准则(弗尔干)",
  "26": "众诗人(抒尔拉)",
  "27": "蚂蚁(奈木勒)",
  "28": "故事(改赛素)",
  "29": "蜘蛛(安凯逋特)",
  "30": "罗马人(鲁姆)",
  "31": "鲁格曼",
  "32": "叩头(赛直德)",
  "33": "同盟军(艾哈萨布)",
  "34": "赛伯邑",
  "35": "创造者(法颓尔)",
  "36": "雅辛",
  "37": "列班者(萨法特)",
  "38": "萨德",
  "39": "队伍(助迈尔)",
  "40": "赦宥者(阿斐尔)",
  "41": "奉绥来特",
  "42": "协商(舒拉)",
  "43": "金饰(助赫鲁弗)",
  "44": "烟雾(睹罕)",
  "45": "屈膝(查西叶)",
  "46": "沙丘(艾哈嘎弗)",
  "47": "穆罕默德",
  "48": "胜利(费特哈)",
  "49": "寝室(侯主拉特)",
  "50": "戛弗",
  "51": "播种者 (达理雅特)",
  "52": "山岳(突尔)",
  "53": "星宿(奈智姆 )",
  "54": "月亮(改买尔)",
  "55": "至仁主(安赖哈曼)",
  "56": "大事(瓦格尔)",
  "57": "铁(哈迪德)",
  "58": "辩诉者(姆查衣赖)",
  "59": "放逐(哈什尔)",
  "60": "受考验的妇人(慕姆太哈奈)",
  "61": "列阵(蒜弗)",
  "62": "聚礼(主麻)",
  "63": "伪信者(莫拿非恭)",
  "64": "相欺(台昂卜尼)",
  "65": "离婚(特拉格)",
  "66": "禁戒(台哈列姆)",
  "67": "国权(姆勒克)",
  "68": "笔(改赖姆)",
  "69": "真灾(哈盖)",
  "70": "天梯(买阿列支)",
  "71": "努哈",
  "72": "精灵(精尼)",
  "73": "披衣的人(孟赞密鲁)",
  "74": "盖被的人(孟荡西尔)",
  "75": "复活(格雅迈)",
  "76": "人(印萨尼)",
  "77": "天使(姆尔赛拉特)",
  "78": "消息(奈白易)",
  "79": "急掣的(那寂阿特)",
  "80": "皱眉(阿百塞)",
  "81": "黯黜 (太克威尔)",
  "82": "破裂(引斐塔尔)",
  "83": "称量不公(太颓斐弗)",
  "84": "绽裂(引史卡格)",
  "85": "十二宫(补鲁智)",
  "86": "启明星(塔里格)",
  "87": "至尊(艾尔拉)",
  "88": "大灾(阿史叶)",
  "89": "黎明(史智尔)",
  "90": "地方(白赖德)",
  "91": "太阳(晒姆斯)",
  "92": "黑夜(赖以里)",
  "93": "上午 (堵哈)",
  "94": "开拓(晒尔哈)",
  "95": "无花果(梯尼)",
  "96": "血块(阿赖格)",
  "97": "高贵(盖德尔)",
  "98": "明证(半以奈)",
  "99": "地震(齐勒萨里)",
  "100": "奔驰的马队(阿底雅特)",
  "101": "大难(葛里尔)",
  "102": "竞赛富庶(太卡素尔)",
  "103": "时光(阿斯尔)",
  "104": "诽谤者(胡买宰)",
  "105": "象(斐里)",
  "106": "古来氏",
  "107": "什物(马欧尼)",
  "108": "多福(考赛尔)",
  "109": "不通道的人们(卡斐伦)",
  "110": "援助(奈斯尔)",
  "111": "火焰(赖海卜)",
  "112": "忠诚(以赫拉斯)",
  "113": "曙光(法赖格)",
  "114": "世人(拿斯)"
}